<manifest alg="2" build="2018.1.0.386" opt="false" iceEnabled="true" iceMarkupVersion="2" iceEnabledOptions="link,responsive,cachebuster,textStyling" exportTarget="other" domain="Craft Index.html" resolutions="1x" timestamp="1530955432861">
  <folder name="css">
    <file name="site_global.css" crc="392466142"/>
    <file name="master_a-master.css" crc="3976910774" ref="index"/>
    <file name="nomq_preview_master_a-master.css" crc="147532238" ref="index"/>
    <file name="index.css" crc="3963340219" ref="index"/>
    <file name="nomq_index.css" crc="214864179" ref="index"/>
    <file name="iefonts_index.css" crc="3862363195" ref="index"/>
  </folder>
  <folder name="scripts">
    <file name="jquery-1.8.3.min.js" crc="209076791" ref="index"/>
    <file name="museutils.js" crc="340535759" ref="index"/>
    <file name="whatinput.js" crc="86476730" ref="index"/>
    <file name="museconfig.js" crc="4286661555" ref="index"/>
    <file name="jquery.musemenu.js" crc="510910590" ref="index"/>
    <file name="jquery.musepolyfill.bgsize.js" crc="4260645839" ref="index"/>
    <file name="jquery.watch.js" crc="51536988" ref="index"/>
    <file name="webpro.js" crc="4059564322" ref="index"/>
    <file name="musewpslideshow.js" crc="3862962738" ref="index"/>
    <file name="jquery.museoverlay.js" crc="4147669564" ref="index"/>
    <file name="touchswipe.js" crc="4075097462" ref="index"/>
    <file name="form_check.php" crc="4020933626" ref="index"/>
    <file name="form_throttle.php" crc="4259590256" ref="index"/>
    <file name="form_process.php" crc="37464564" ref="index"/>
    <file name="form-u20332.php" crc="287980439" ref="index"/>
    <file name="form-u34197.php" crc="3840392485" ref="index"/>
    <file name="musewpdisclosure.js" crc="3883500470" ref="index"/>
    <file name="jquery.scrolleffects.js" crc="39568856" ref="index"/>
    <file name="html5shiv.js" crc="4241844378" ref="index"/>
    <file name="jquery.museresponsive.js" crc="527716135" ref="index"/>
    <file name="require.js" crc="7928878" ref="index"/>
  </folder>
  <folder name="images">
    <file name="blank.gif" crc="4208392903" ref="index"/>
    <file name="craft_logo-02.png" crc="3764905026" seo="true" ref="index">
      <caption webpage="index" alt=""/>
      <caption webpage="index" alt=""/>
      <caption webpage="index" alt=""/>
      <caption webpage="index" alt=""/>
      <caption webpage="index" alt=""/>
      <caption webpage="index" alt=""/>
      <caption webpage="index" alt=""/>
    </file>
    <file name="living-room.jpg" crc="430898426" ref="index">
      <caption webpage="index" alt=""/>
    </file>
    <file name="about profile_small.jpg" crc="3807925131" ref="index">
      <caption webpage="index" alt=""/>
      <caption webpage="index" alt=""/>
      <caption webpage="index" alt=""/>
      <caption webpage="index" alt=""/>
      <caption webpage="index" alt=""/>
      <caption webpage="index" alt=""/>
    </file>
    <file name="about profile.jpg" crc="4042343992" ref="index">
      <caption webpage="index" alt=""/>
    </file>
    <file name="porfolio_profile.jpg" crc="3881576100" ref="index">
      <caption webpage="index" alt=""/>
    </file>
    <file name="p_01-crop-u16713.jpg" crc="3987500094" seo="true" ref="index">
      <caption webpage="index" alt=""/>
    </file>
    <file name="p_04-crop-u17197.jpg" crc="332627008" seo="true" ref="index">
      <caption webpage="index" alt=""/>
    </file>
    <file name="p_07-crop-u17440.jpg" crc="518878606" seo="true" ref="index">
      <caption webpage="index" alt=""/>
    </file>
    <file name="p_02-crop-u17035.jpg" crc="356831840" seo="true" ref="index">
      <caption webpage="index" alt=""/>
    </file>
    <file name="p_05-crop-u17278.jpg" crc="4224651802" seo="true" ref="index">
      <caption webpage="index" alt=""/>
    </file>
    <file name="p_08-crop-u17521.jpg" crc="4035448742" seo="true" ref="index">
      <caption webpage="index" alt=""/>
    </file>
    <file name="p_03-crop-u17116.jpg" crc="371833388" seo="true" ref="index">
      <caption webpage="index" alt=""/>
    </file>
    <file name="p_06-crop-u17359.jpg" crc="12731890" seo="true" ref="index">
      <caption webpage="index" alt=""/>
    </file>
    <file name="p_01.jpg" crc="4253126262" seo="true" ref="index">
      <caption webpage="index" alt=""/>
      <caption webpage="index" alt=""/>
      <caption webpage="index" alt=""/>
      <caption webpage="index" alt=""/>
      <caption webpage="index" alt=""/>
    </file>
    <file name="p_02.jpg" crc="4048388738" seo="true" ref="index">
      <caption webpage="index" alt=""/>
      <caption webpage="index" alt=""/>
      <caption webpage="index" alt=""/>
      <caption webpage="index" alt=""/>
      <caption webpage="index" alt=""/>
    </file>
    <file name="p_03.jpg" crc="85012958" seo="true" ref="index">
      <caption webpage="index" alt=""/>
      <caption webpage="index" alt=""/>
      <caption webpage="index" alt=""/>
      <caption webpage="index" alt=""/>
      <caption webpage="index" alt=""/>
    </file>
    <file name="p_04.jpg" crc="131567822" seo="true" ref="index">
      <caption webpage="index" alt=""/>
      <caption webpage="index" alt=""/>
      <caption webpage="index" alt=""/>
      <caption webpage="index" alt=""/>
      <caption webpage="index" alt=""/>
    </file>
    <file name="p_05.jpg" crc="3943992644" seo="true" ref="index">
      <caption webpage="index" alt=""/>
      <caption webpage="index" alt=""/>
      <caption webpage="index" alt=""/>
      <caption webpage="index" alt=""/>
      <caption webpage="index" alt=""/>
    </file>
    <file name="p_06.jpg" crc="90198331" seo="true" ref="index">
      <caption webpage="index" alt=""/>
      <caption webpage="index" alt=""/>
      <caption webpage="index" alt=""/>
      <caption webpage="index" alt=""/>
      <caption webpage="index" alt=""/>
    </file>
    <file name="p_07.jpg" crc="4002820476" seo="true" ref="index">
      <caption webpage="index" alt=""/>
      <caption webpage="index" alt=""/>
      <caption webpage="index" alt=""/>
      <caption webpage="index" alt=""/>
      <caption webpage="index" alt=""/>
    </file>
    <file name="p_08.jpg" crc="3877622574" seo="true" ref="index">
      <caption webpage="index" alt=""/>
      <caption webpage="index" alt=""/>
      <caption webpage="index" alt=""/>
      <caption webpage="index" alt=""/>
      <caption webpage="index" alt=""/>
    </file>
    <file name="loading.gif" crc="3815509949" ref="index"/>
    <file name="con-bot_profile.jpg" crc="453654137" ref="index">
      <caption webpage="index" alt=""/>
    </file>
    <file name="kanye_director.jpg" crc="4008025716" ref="index">
      <caption webpage="index" alt=""/>
      <caption webpage="index" alt=""/>
      <caption webpage="index" alt=""/>
      <caption webpage="index" alt=""/>
      <caption webpage="index" alt=""/>
      <caption webpage="index" alt=""/>
      <caption webpage="index" alt=""/>
    </file>
    <file name="g--01.svg" crc="466386754" ref="index"/>
    <file name="g--01_poster_u12601.png" crc="179537738" ref="index"/>
    <file name="facebook-01.svg" crc="4274057953" ref="index"/>
    <file name="facebook-01_poster_u12609.png" crc="3922290019" ref="index"/>
    <file name="twitter-01.svg" crc="4275008441" ref="index"/>
    <file name="twitter-01_poster_u12617.png" crc="443634502" ref="index"/>
    <file name="in-01.svg" crc="155345350" ref="index"/>
    <file name="in-01_poster_u12625.png" crc="431931033" ref="index"/>
    <file name="p_01-crop-u167132.jpg" crc="3987500094" seo="true" ref="index">
      <caption webpage="index" alt=""/>
    </file>
    <file name="p_04-crop-u171972.jpg" crc="332627008" seo="true" ref="index">
      <caption webpage="index" alt=""/>
    </file>
    <file name="p_07-crop-u174402.jpg" crc="518878606" seo="true" ref="index">
      <caption webpage="index" alt=""/>
    </file>
    <file name="p_02-crop-u170352.jpg" crc="356831840" seo="true" ref="index">
      <caption webpage="index" alt=""/>
    </file>
    <file name="p_05-crop-u172782.jpg" crc="4224651802" seo="true" ref="index">
      <caption webpage="index" alt=""/>
    </file>
    <file name="p_08-crop-u175212.jpg" crc="4035448742" seo="true" ref="index">
      <caption webpage="index" alt=""/>
    </file>
    <file name="p_03-crop-u171162.jpg" crc="371833388" seo="true" ref="index">
      <caption webpage="index" alt=""/>
    </file>
    <file name="p_06-crop-u173592.jpg" crc="12731890" seo="true" ref="index">
      <caption webpage="index" alt=""/>
    </file>
    <file name="p_01-crop-u167133.jpg" crc="523258708" seo="true" ref="index">
      <caption webpage="index" alt=""/>
    </file>
    <file name="p_04-crop-u171973.jpg" crc="3758328546" seo="true" ref="index">
      <caption webpage="index" alt=""/>
    </file>
    <file name="p_07-crop-u174403.jpg" crc="3864206661" seo="true" ref="index">
      <caption webpage="index" alt=""/>
    </file>
    <file name="p_02-crop-u170353.jpg" crc="49910396" seo="true" ref="index">
      <caption webpage="index" alt=""/>
    </file>
    <file name="p_05-crop-u172783.jpg" crc="3980895245" seo="true" ref="index">
      <caption webpage="index" alt=""/>
    </file>
    <file name="p_08-crop-u175213.jpg" crc="4008635889" seo="true" ref="index">
      <caption webpage="index" alt=""/>
    </file>
    <file name="p_03-crop-u171163.jpg" crc="3867424616" seo="true" ref="index">
      <caption webpage="index" alt=""/>
    </file>
    <file name="p_06-crop-u173593.jpg" crc="216744531" seo="true" ref="index">
      <caption webpage="index" alt=""/>
    </file>
    <file name="con-bot_profile-u18657-fr.jpg" crc="31707925" ref="index"/>
    <file name="about profile-u6299-fr.jpg" crc="3833755601" ref="index"/>
    <file name="porfolio_profile-u11889-fr.jpg" crc="208170728" ref="index"/>
    <file name="p_01-crop-u167134.jpg" crc="4088085953" seo="true" ref="index">
      <caption webpage="index" alt=""/>
    </file>
    <file name="p_04-crop-u171974.jpg" crc="4099582971" seo="true" ref="index">
      <caption webpage="index" alt=""/>
    </file>
    <file name="p_07-crop-u174404.jpg" crc="303104185" seo="true" ref="index">
      <caption webpage="index" alt=""/>
    </file>
    <file name="p_02-crop-u170354.jpg" crc="3905300057" seo="true" ref="index">
      <caption webpage="index" alt=""/>
    </file>
    <file name="p_05-crop-u172784.jpg" crc="199963256" seo="true" ref="index">
      <caption webpage="index" alt=""/>
    </file>
    <file name="p_08-crop-u175214.jpg" crc="36542090" seo="true" ref="index">
      <caption webpage="index" alt=""/>
    </file>
    <file name="p_03-crop-u171164.jpg" crc="122582605" seo="true" ref="index">
      <caption webpage="index" alt=""/>
    </file>
    <file name="p_06-crop-u173594.jpg" crc="4090356582" seo="true" ref="index">
      <caption webpage="index" alt=""/>
    </file>
    <file name="con-bot_profile-u18657-fr2.jpg" crc="4006824435" ref="index"/>
    <file name="about profile_small-u6603-fr.jpg" crc="352405428" ref="index"/>
    <file name="about profile-u6299-fr2.jpg" crc="3831108073" ref="index"/>
    <file name="porfolio_profile-u11889-fr2.jpg" crc="3923173730" ref="index"/>
    <file name="p_01-crop-u167135.jpg" crc="89474180" seo="true" ref="index">
      <caption webpage="index" alt=""/>
    </file>
    <file name="p_03-crop-u171165.jpg" crc="4137785466" seo="true" ref="index">
      <caption webpage="index" alt=""/>
    </file>
    <file name="p_05-crop-u172785.jpg" crc="3868005569" seo="true" ref="index">
      <caption webpage="index" alt=""/>
    </file>
    <file name="p_07-crop-u174405.jpg" crc="4048546442" seo="true" ref="index">
      <caption webpage="index" alt=""/>
    </file>
    <file name="p_02-crop-u170355.jpg" crc="3786745682" seo="true" ref="index">
      <caption webpage="index" alt=""/>
    </file>
    <file name="p_04-crop-u171975.jpg" crc="3861493768" seo="true" ref="index">
      <caption webpage="index" alt=""/>
    </file>
    <file name="p_06-crop-u173595.jpg" crc="62219306" seo="true" ref="index">
      <caption webpage="index" alt=""/>
    </file>
    <file name="p_08-crop-u175215.jpg" crc="4145842386" seo="true" ref="index">
      <caption webpage="index" alt=""/>
    </file>
    <file name="con-bot_profile-u18657-fr3.jpg" crc="4080529193" ref="index"/>
    <file name="about profile-u6299-fr3.jpg" crc="258147039" ref="index"/>
    <file name="porfolio_profile-u11889-fr3.jpg" crc="3273152" ref="index"/>
    <file name="p_01-crop-u167136.jpg" crc="327650159" seo="true" ref="index">
      <caption webpage="index" alt=""/>
    </file>
    <file name="p_02-crop-u170356.jpg" crc="321532868" seo="true" ref="index">
      <caption webpage="index" alt=""/>
    </file>
    <file name="p_03-crop-u171166.jpg" crc="518002787" seo="true" ref="index">
      <caption webpage="index" alt=""/>
    </file>
    <file name="p_04-crop-u171976.jpg" crc="482747677" seo="true" ref="index">
      <caption webpage="index" alt=""/>
    </file>
    <file name="p_05-crop-u172786.jpg" crc="133313533" seo="true" ref="index">
      <caption webpage="index" alt=""/>
    </file>
    <file name="p_06-crop-u173596.jpg" crc="4238035590" seo="true" ref="index">
      <caption webpage="index" alt=""/>
    </file>
    <file name="p_07-crop-u174406.jpg" crc="4208845587" seo="true" ref="index">
      <caption webpage="index" alt=""/>
    </file>
    <file name="p_08-crop-u175216.jpg" crc="319283926" seo="true" ref="index">
      <caption webpage="index" alt=""/>
    </file>
    <file name="p_01-crop-u16725.jpg" crc="382178026" seo="true" ref="index">
      <caption webpage="index" alt=""/>
    </file>
    <file name="p_02-crop-u17012.jpg" crc="461445933" seo="true" ref="index">
      <caption webpage="index" alt=""/>
    </file>
    <file name="p_03-crop-u17093.jpg" crc="426676148" seo="true" ref="index">
      <caption webpage="index" alt=""/>
    </file>
    <file name="p_04-crop-u17174.jpg" crc="4008768923" seo="true" ref="index">
      <caption webpage="index" alt=""/>
    </file>
    <file name="p_05-crop-u17255.jpg" crc="3828325454" seo="true" ref="index">
      <caption webpage="index" alt=""/>
    </file>
    <file name="p_06-crop-u17336.jpg" crc="249180747" seo="true" ref="index">
      <caption webpage="index" alt=""/>
    </file>
    <file name="p_07-crop-u17417.jpg" crc="3910218225" seo="true" ref="index">
      <caption webpage="index" alt=""/>
    </file>
    <file name="p_08-crop-u17498.jpg" crc="4023839976" seo="true" ref="index">
      <caption webpage="index" alt=""/>
    </file>
    <file name="con-bot_profile-u18657-fr4.jpg" crc="56146562" ref="index"/>
    <file name="about profile-u6299-fr4.jpg" crc="3933897666" ref="index"/>
    <file name="porfolio_profile-u11889-fr4.jpg" crc="524170990" ref="index"/>
    <file name="p_01-crop-u167137.jpg" crc="4130390526" seo="true" ref="index">
      <caption webpage="index" alt=""/>
    </file>
    <file name="p_02-crop-u170357.jpg" crc="186591376" seo="true" ref="index">
      <caption webpage="index" alt=""/>
    </file>
    <file name="p_03-crop-u171167.jpg" crc="411975357" seo="true" ref="index">
      <caption webpage="index" alt=""/>
    </file>
    <file name="p_04-crop-u171977.jpg" crc="276969827" seo="true" ref="index">
      <caption webpage="index" alt=""/>
    </file>
    <file name="p_05-crop-u172787.jpg" crc="27255743" seo="true" ref="index">
      <caption webpage="index" alt=""/>
    </file>
    <file name="p_06-crop-u173597.jpg" crc="427360935" seo="true" ref="index">
      <caption webpage="index" alt=""/>
    </file>
    <file name="p_07-crop-u174407.jpg" crc="3859294759" seo="true" ref="index">
      <caption webpage="index" alt=""/>
    </file>
    <file name="p_08-crop-u175217.jpg" crc="4208669323" seo="true" ref="index">
      <caption webpage="index" alt=""/>
    </file>
    <file name="p_01-crop-u167252.jpg" crc="382178026" seo="true" ref="index">
      <caption webpage="index" alt=""/>
    </file>
    <file name="p_02-crop-u170122.jpg" crc="461445933" seo="true" ref="index">
      <caption webpage="index" alt=""/>
    </file>
    <file name="p_03-crop-u170932.jpg" crc="426676148" seo="true" ref="index">
      <caption webpage="index" alt=""/>
    </file>
    <file name="p_04-crop-u171742.jpg" crc="4008768923" seo="true" ref="index">
      <caption webpage="index" alt=""/>
    </file>
    <file name="p_05-crop-u172552.jpg" crc="3828325454" seo="true" ref="index">
      <caption webpage="index" alt=""/>
    </file>
    <file name="p_06-crop-u173362.jpg" crc="249180747" seo="true" ref="index">
      <caption webpage="index" alt=""/>
    </file>
    <file name="p_07-crop-u174172.jpg" crc="3910218225" seo="true" ref="index">
      <caption webpage="index" alt=""/>
    </file>
    <file name="p_08-crop-u174982.jpg" crc="4023839976" seo="true" ref="index">
      <caption webpage="index" alt=""/>
    </file>
  </folder>
  <file name="index.html" crc="330939107" seo="true" mt="1530955353638" redirect="true"/>
</manifest>